file_name,rules,trad_result,LLM_result
detect-output/oh-rules/LightingScene.rules,"['""Lighting Scene Wakeup""', '""Lighting Scene Evening""']", SAC,None
detect-output/oh-rules/MiLight.rules,"['""1 - Milight_ID1_G1_ONOFF""', '""2 - Milight_ID1_G1_BRIGHT""']", SAC,None
detect-output/oh-rules/MiLight.rules,"['""1 - Milight_ID1_G1_ONOFF""', '""3 - Milight_ID1_G1_CT""']", SAC,None
detect-output/oh-rules/MiLight.rules,"['""1 - Milight_ID1_G1_ONOFF""', '""4 - Milight_ID1_G1_HUE""']", SAC,None
detect-output/oh-rules/MiLight.rules,"['""2 - Milight_ID1_G1_BRIGHT""', '""5 - Milight_ID1_G1_HubStates""']", WAC,None
detect-output/oh-rules/MiLight.rules,"['""3 - Milight_ID1_G1_CT""', '""5 - Milight_ID1_G1_HubStates""']", WAC,None
detect-output/oh-rules/MiLight.rules,"['""2 - Milight_ID1_G1_BRIGHT""', '""5 - Milight_ID1_G1_HubStates""']", SCC,None
detect-output/oh-rules/MiLight.rules,"['""3 - Milight_ID1_G1_CT""', '""5 - Milight_ID1_G1_HubStates""']", SCC,None
detect-output/oh-rules/WateringSystem.rules,"['""1 Watering_garden_startup""', '""7 Watering_starting/stoping""']", WAC,None
detect-output/oh-rules/WateringSystem.rules,"['""1 Watering_garden_startup""', '""7 Watering_starting/stoping""']", WAC,None
detect-output/oh-rules/WateringSystem.rules,"['""1 Watering_garden_startup""', '""7 Watering_starting/stoping""']", WAC,None
detect-output/oh-rules/WateringSystem.rules,"['""2 Rain_sensor_rain_activated""', '""6 Watering_manual_start/stop""']", WAC,WAC
detect-output/oh-rules/WateringSystem.rules,"['""2 Rain_sensor_rain_activated""', '""8 Watering_algorithm""']", WAC,WAC
detect-output/oh-rules/WateringSystem.rules,"['""2 Rain_sensor_rain_activated""', '""8 Watering_algorithm""']", WAC,WAC
detect-output/oh-rules/Doorbell.rules,"['""Auto Front Doorbell""', '""Send doorbell GIF to HomeHub and Pushover""']", SAC,None
detect-output/oh-rules/irrigation.rules,"['""1 Irrigation - system start""', '""2 - Irrigation - calculate whether to start watering""']", SAC,None
detect-output/oh-rules/irrigation.rules,"['""2 - Irrigation - calculate whether to start watering""', '""5 - Irrigation - all valves closed""']", SAC,None
detect-output/oh-rules/irrigation.rules,"['""3 - Irrigation - cascading""', '""5 - Irrigation - all valves closed""']", SAC,None
detect-output/oh-rules/irrigation.rules,"['""1 Irrigation - system start""', '""2 - Irrigation - calculate whether to start watering""']", WAC,None
detect-output/oh-rules/irrigation.rules,"['""1 Irrigation - system start""', '""2 - Irrigation - calculate whether to start watering""']", WAC,None
detect-output/oh-rules/irrigation.rules,"['""1 Irrigation - system start""', '""3 - Irrigation - cascading""']", WAC,None
detect-output/oh-rules/irrigation.rules,"['""2 - Irrigation - calculate whether to start watering""', '""3 - Irrigation - cascading""']", WAC,None
detect-output/oh-rules/irrigation.rules,"['""3 - Irrigation - cascading""', '""4 - Irrigation - update timer""']", WAC,None
detect-output/oh-rules/irrigation.rules,"['""3 - Irrigation - cascading""', '""5 - Irrigation - all valves closed""']", WAC,None
detect-output/oh-rules/irrigation.rules,"['""4 - Irrigation - update timer""', '""5 - Irrigation - all valves closed""']", WAC,None
detect-output/oh-rules/OwnTracks.rules,"['""4 - Daddy\'s Home""', '""6 - Josh gets to work""']", SAC,None
detect-output/oh-rules/OwnTracks.rules,"['""4 - Daddy\'s Home""', '""7 - Josh leaves work in Afternoon""']", SAC,None
detect-output/oh-rules/OwnTracks.rules,"['""5 - Josh leaves home""', '""6 - Josh gets to work""']", SAC,None
detect-output/oh-rules/OwnTracks.rules,"['""3 - System Start""', '""6 - Josh gets to work""']", WAC,None
detect-output/oh-rules/OwnTracks.rules,"['""3 - System Start""', '""7 - Josh leaves work in Afternoon""']", WAC,None
detect-output/oh-rules/OwnTracks.rules,"['""3 - System Start""', '""5 - Josh leaves home""']", WAC,None
detect-output/iotb-rules/HallEntrada.rules,"['""Luz do hall da sala de estar mudou""', '""Luz do hall do quarto de brinquedo mudou""']", STC,None
detect-output/iotb-rules/HallEntrada.rules,"['""Luz do hall do quarto de brinquedo mudou""', '""Luz do hall da sala de estar mudou""']", STC,None
detect-output/iotb-rules/lightscenes.rules,"['""First floor Scene 0 - lights off""', '""FF Actuator 1""']", WAC,WAC
detect-output/iotb-rules/lightscenes.rules,"['""First floor Scene 0 - lights off""', '""CR Actuator 1""']", WAC,WAC
detect-output/iotb-rules/lightscenes.rules,"['""First floor Scene 7 - fire alarm""', '""FF Actuator 1""']", WAC,WAC
detect-output/iotb-rules/lightscenes.rules,"['""First floor Scene 9 - full alarm""', '""FF Actuator 1""']", WAC,WAC
detect-output/iotb-rules/lightscenes.rules,"['""First floor Scene 0 - lights off""', '""CR Actuator 1""']", WTC,WAC
detect-output/iotb-rules/lightscenes.rules,"['""First floor Scene 0 - lights off""', '""CR Actuator 1""']", SCC,WAC
detect-output/iotb-rules/lights.rules,"['""Switch lights on at sunset""', '""Switch off GF lights when to bed""']", SAC,None
detect-output/iotb-rules/lights.rules,"['""Switch lights on at sunset""', '""Switch off indoor lights when to bed""']", SAC,None
detect-output/iotb-rules/lights.rules,"['""Switch lights on at sunset""', '""Switch off indoor lights when to bed""']", SAC,None
detect-output/iotb-rules/lights.rules,"['""Switch lights on at sunset""', '""Switch off lights when nobody home after midnight""']", WAC,None
detect-output/iotb-rules/lights.rules,"['""Switch lights on at sunset""', '""Switch off lights when nobody home after midnight""']", WAC,None
detect-output/iotb-rules/lights.rules,"['""Switch lights on at sunset""', '""Switch off lights when nobody home after midnight""']", WAC,None
detect-output/iotb-rules/lights.rules,"['""Switch off GF lights when to bed""', '""Switch lights off at sunrise""']", WAC,None
detect-output/iotb-rules/lights.rules,"['""Switch off GF lights when to bed""', '""Switch lights off at sunrise""']", WAC,None
detect-output/iotb-rules/Escada.rules,"['""Luz da escada superior mudou""', '""Luz da escada inferior mudou""']", STC,SAC
detect-output/iotb-rules/Escada.rules,"['""Luz da escada inferior mudou""', '""Luz da escada superior mudou""']", STC,SAC
detect-output/iotb-rules/door.rules,"['""r1 - Startup""', '""r2 - ModeChange""']", WTC,None
detect-output/iotb-rules/door.rules,"['""r1 - Startup""', '""r3 - MorningAction""']", SCC,None
detect-output/iotb-rules/door.rules,"['""r1 - Startup""', '""r4 - SunsetAction""']", SCC,None
detect-output/iotb-rules/door.rules,"['""r1 - Startup""', '""r2 - ModeChange""']", WCC,None
detect-output/iotb-rules/lightonsunset.rules,"['""lights_on_sunset""', '""harmony_off_lights_off""']", WAC,None
detect-output/iotb-rules/presence.rules,"['""Presence reset at startup""', '""Presence evaluation""']", WAC,None
detect-output/iotb-rules/presence.rules,"['""Presence reset at startup""', '""Presence evaluation""']", WAC,None
detect-output/iotb-rules/presence.rules,"['""Presence reset at startup""', '""Presence evaluation""']", WAC,None
detect-output/iotb-rules/presence.rules,"['""Presence reset at startup""', '""Presence evaluation""']", WAC,None
detect-output/iotb-rules/presence.rules,"['""Presence reset at startup""', '""Presence evaluation""']", WAC,None
detect-output/iotb-rules/presence.rules,"['""Presence reset at startup""', '""Presence evaluation""']", WAC,None
detect-output/iotb-rules/presence.rules,"['""Presence reset at startup""', '""Presence evaluation""']", WAC,None
detect-output/iotb-rules/presence.rules,"['""Presence reset at startup""', '""Presence evaluation""']", WAC,None
detect-output/iotb-rules/presence.rules,"['""Presence reset at startup""', '""Presence evaluation""']", WAC,None
detect-output/iotb-rules/presence.rules,"['""Presence reset at startup""', '""Presence evaluation""']", WAC,None
detect-output/iotb-rules/presence.rules,"['""Presence reset at startup""', '""Presence evaluation""']", WAC,None
detect-output/iotb-rules/presence.rules,"['""Presence reset at startup""', '""Presence evaluation""']", WAC,None
detect-output/iotb-rules/presence.rules,"['""Presence reset at startup""', '""Presence evaluation""']", WAC,None
detect-output/iotb-rules/presence.rules,"['""Presence reset at startup""', '""Presence evaluation""']", WAC,None
detect-output/iotb-rules/presence.rules,"['""Presence reset at startup""', '""Presence evaluation""']", WAC,None
detect-output/iotb-rules/presence.rules,"['""Presence reset at startup""', '""Presence evaluation""']", WAC,None
detect-output/iotb-rules/presence.rules,"['""Presence reset at startup""', '""Presence evaluation""']", WAC,None
detect-output/iotb-rules/presence.rules,"['""Presence reset at startup""', '""Presence evaluation""']", WAC,None
detect-output/iotb-rules/presence.rules,"['""Presence reset at startup""', '""Presence evaluation""']", WAC,None
detect-output/iotb-rules/presence.rules,"['""Presence reset at startup""', '""Presence evaluation""']", WAC,None
detect-output/iotb-rules/alarm.rules,"['""Alarm reset at startup""', '""Reset all alarms""']", SAC,None
detect-output/iotb-rules/alarm.rules,"['""Reset all alarms""', '""Activate full alarm""']", SAC,None
detect-output/iotb-rules/alarm.rules,"['""Reset all alarms""', '""Activate fire alarm""']", SAC,None
detect-output/iotb-rules/alarm.rules,"['""Reset all alarms""', '""Alarms deactivated""']", SAC,None
detect-output/iotb-rules/alarm.rules,"['""Reset all alarms""', '""Alarm sirens mode 1 - sirene setting""']", SAC,None
detect-output/iotb-rules/alarm.rules,"['""Reset all alarms""', '""Alarm sirens mode 2 - sirene setting""']", SAC,None
detect-output/iotb-rules/alarm.rules,"['""Reset all alarms""', '""Alarm sirens mode 3 - sirene setting""']", SAC,None
detect-output/iotb-rules/alarm.rules,"['""Reset all alarms""', '""Alarm sirens mode 4 - sirene setting""']", SAC,None
detect-output/iotb-rules/alarm.rules,"['""Reset all alarms""', '""Alarm sirens mode 5 - sirene setting""']", SAC,None
detect-output/iotb-rules/alarm.rules,"['""Presence after alarm reset""', '""Activate full alarm""']", SAC,None
detect-output/iotb-rules/alarm.rules,"['""Presence after alarm reset""', '""Activate fire alarm""']", SAC,None
detect-output/iotb-rules/alarm.rules,"['""Activate full alarm""', '""Activate fire alarm""']", SAC,None
detect-output/iotb-rules/alarm.rules,"['""Activate full alarm""', '""Activate fire alarm""']", SAC,None
detect-output/iotb-rules/alarm.rules,"['""Activate full alarm""', '""Activate fire alarm""']", SAC,None  
detect-output/iotb-rules/alarm.rules,"['""Activate full alarm""', '""Alarms deactivated""']", SAC,None
detect-output/iotb-rules/alarm.rules,"['""Activate full alarm""', '""Alarm sirens mode 1 - sirene setting""']", SAC,None
detect-output/iotb-rules/alarm.rules,"['""Activate full alarm""', '""Alarm sirens mode 2 - sirene setting""']", SAC,None
detect-output/iotb-rules/alarm.rules,"['""Activate full alarm""', '""Alarm sirens mode 3 - sirene setting""']", SAC,None
detect-output/iotb-rules/alarm.rules,"['""Activate full alarm""', '""Alarm sirens mode 4 - sirene setting""']", SAC,None
detect-output/iotb-rules/alarm.rules,"['""Activate full alarm""', '""Alarm sirens mode 5 - sirene setting""']", SAC,None
detect-output/iotb-rules/alarm.rules,"['""Activate full alarm""', '""Activate fire alarm""']", SAC,None
detect-output/iotb-rules/alarm.rules,"['""Activate full alarm""', '""Activate fire alarm""']", SAC,None
detect-output/iotb-rules/alarm.rules,"['""Activate fire alarm""', '""Alarms deactivated""']", SAC,None
detect-output/iotb-rules/alarm.rules,"['""Activate fire alarm""', '""Alarm sirens mode 1 - sirene setting""']", SAC,None
detect-output/iotb-rules/alarm.rules,"['""Activate fire alarm""', '""Alarm sirens mode 2 - sirene setting""']", SAC,None
detect-output/iotb-rules/alarm.rules,"['""Activate fire alarm""', '""Alarm sirens mode 3 - sirene setting""']", SAC,None
detect-output/iotb-rules/alarm.rules,"['""Activate fire alarm""', '""Alarm sirens mode 4 - sirene setting""']", SAC,None
detect-output/iotb-rules/alarm.rules,"['""Activate fire alarm""', '""Alarm sirens mode 5 - sirene setting""']", SAC,None
detect-output/iotb-rules/alarm.rules,"['""Reset all alarms""', '""Activate night alarm""']", WAC,WAC
detect-output/iotb-rules/alarm.rules,"['""Reset all alarms""', '""Auto turn on night alarm""']", WAC,None
detect-output/iotb-rules/alarm.rules,"['""Presence after alarm reset""', '""Activate night alarm""']", WAC,None
detect-output/iotb-rules/alarm.rules,"['""Activate full alarm""', '""Activate night alarm""']", WAC,WAC
detect-output/iotb-rules/alarm.rules,"['""Activate full alarm""', '""Activate night alarm""']", WAC,WAC
detect-output/iotb-rules/alarm.rules,"['""Activate full alarm""', '""Activate night alarm""']", WAC,WAC
detect-output/iotb-rules/alarm.rules,"['""Activate full alarm""', '""Activate night alarm""']", WAC,WAC
detect-output/iotb-rules/alarm.rules,"['""Activate night alarm""', '""Activate fire alarm""']", WAC,None
detect-output/iotb-rules/alarm.rules,"['""Activate night alarm""', '""Activate fire alarm""']", WAC,WAC
detect-output/iotb-rules/alarm.rules,"['""Activate night alarm""', '""Activate fire alarm""']", WAC,WAC
detect-output/iotb-rules/alarm.rules,"['""Activate night alarm""', '""Alarms deactivated""']", WAC,None
detect-output/iotb-rules/alarm.rules,"['""Activate night alarm""', '""Alarm sirens mode 1 - sirene setting""']", WAC,None
detect-output/iotb-rules/alarm.rules,"['""Activate night alarm""', '""Alarm sirens mode 2 - sirene setting""']", WAC,None
detect-output/iotb-rules/alarm.rules,"['""Activate night alarm""', '""Alarm sirens mode 3 - sirene setting""']", WAC,None
detect-output/iotb-rules/alarm.rules,"['""Activate night alarm""', '""Alarm sirens mode 4 - sirene setting""']", WAC,None
detect-output/iotb-rules/alarm.rules,"['""Activate night alarm""', '""Alarm sirens mode 5 - sirene setting""']", WAC,None
detect-output/iotb-rules/alarm.rules,"['""Activate night alarm""', '""Activate fire alarm""']", WAC,None
detect-output/iotb-rules/alarm.rules,"['""Activate night alarm""', '""Activate fire alarm""']", WAC,WAC
detect-output/iotb-rules/alarm.rules,"['""Reset all alarms""', '""Auto turn on night alarm""']", SCC,None
detect-output/iotb-rules/alarm.rules,"['""Reset all alarms""', '""Auto turn off night alarm""']", WCC,WAC
detect-output/iotb-rules/alarm.rules,"['""Reset night alarm""', '""Auto turn off night alarm""']", WCC,WAC
detect-output/iotb-rules/alarm.rules,"['""Activate night alarm""', '""Auto turn off night alarm""']", WCC,None
detect-output/iotb-rules/Cafeteira.rules,"['""r2 - A cada uma hora""', '""r3 - Master bedroom alarm time""']", WAC,None
detect-output/iotb-rules/Cafeteira.rules,"['""r3 - Master bedroom alarm time""', '""r5 - Desligar a cafeteira se ligada fora do horario limite""']", WAC,None
detect-output/iotb-rules/manha.rules,"['""Acende luzes de baixo ao acender a escada""', '""Apaga a luz da churrasqueira as 7:00""']", WAC,None
detect-output/iotb-rules/motion.rules,"['""Front Door opened or closed""', '""Garden Door opened or closed""']", SAC,None
detect-output/iotb-rules/motion.rules,"['""Front Door opened or closed""', '""Kitchen Door opened or closed""']", SAC,None
detect-output/iotb-rules/motion.rules,"['""Garden Door opened or closed""', '""Kitchen Door opened or closed""']", SAC,None
detect-output/iotb-rules/motion.rules,"['""Living room movement""', '""Front Door opened or closed""']", WAC,None
detect-output/iotb-rules/motion.rules,"['""Living room movement""', '""Garden Door opened or closed""']", WAC,None
detect-output/iotb-rules/motion.rules,"['""Living room movement""', '""Kitchen Door opened or closed""']", WAC,None
detect-output/iotb-rules/motion.rules,"['""Living room movement""', '""First floor movement""']", WAC,None
detect-output/iotb-rules/motion.rules,"['""Living room movement""', '""Front Door opened or closed""']", WAC,None
detect-output/iotb-rules/motion.rules,"['""Living room movement""', '""Garden Door opened or closed""']", WAC,None
detect-output/iotb-rules/motion.rules,"['""Living room movement""', '""Kitchen Door opened or closed""']", WAC,None
detect-output/iotb-rules/motion.rules,"['""First floor movement""', '""Front Door opened or closed""']", WAC,None
detect-output/iotb-rules/motion.rules,"['""First floor movement""', '""Garden Door opened or closed""']", WAC,None
detect-output/iotb-rules/motion.rules,"['""First floor movement""', '""Kitchen Door opened or closed""']", WAC,None
detect-output/iotb-rules/motion.rules,"['""First floor movement""', '""Front Door opened or closed""']", WAC,None
detect-output/iotb-rules/motion.rules,"['""First floor movement""', '""Garden Door opened or closed""']", WAC,None
detect-output/iotb-rules/motion.rules,"['""First floor movement""', '""Kitchen Door opened or closed""']", WAC,None
detect-output/iotb-rules/Escritorio.rules,"['""Luz da Sala TV 1 superior mudou""', '""Luz da Sala TV 2 superior mudou""']", STC,None
detect-output/iotb-rules/Escritorio.rules,"['""Luz da Sala TV 2 superior mudou""', '""Luz da Sala TV 1 superior mudou""']", STC,None
